,Title,ID,positive,negative,result_category
0,Guardians of the Galaxy,d96cjJhvlMA,0.7448979591836735,0.2551020408163265,Good
1,Prometheus,HHcHYisZFLU,0.5858585858585859,0.4141414141414141,Average
2,Split,KIpGKumxiGg,0.6020408163265306,0.3979591836734694,Good
3,Suicide Squad,CmRih_VtVAs,0.7628865979381443,0.2371134020618556,Average
4,The Great Wall,avF6GHyyk5c,0.5555555555555556,0.4444444444444444,Average
5,La La Land,0pdqf4P9MB8,0.6122448979591837,0.3877551020408163,Good
6,The Lost City of Z,yqGDNvX1F4g,0.6170212765957447,0.3829787234042553,Good
7,Passengers,7BWWWQzTpNU,0.5959595959595959,0.404040404040404,Average
8,Hidden Figures,5wfrDhgUMGI,0.5979381443298969,0.4020618556701031,Good
9,Rogue One,frdj1zb9sMY,0.7551020408163265,0.2448979591836734,Good
10,Colossal,beuUiUCFIkc,0.8571428571428571,0.1428571428571428,Average
11,Jason Bourne,F4gJsKZvqE4,0.71875,0.28125,Average
12,Lion,-RNI9o06vqo,0.6938775510204082,0.3061224489795918,Good
13,Manchester by the Sea,gsVoD0pTge0,0.6,0.4,Good
14,Independence Day: Resurgence,LbduDRH2m2M,0.6464646464646465,0.3535353535353535,Average
15,Bad Moms,iKCw-kqo3cs,0.4591836734693877,0.5408163265306123,Average
16,Assassin's Creed,4haJD6W136c,0.6914893617021277,0.3085106382978723,Average
17,Why Him?,xOZ2bs9IboU,0.4848484848484848,0.5151515151515151,Average
18,Nocturnal Animals,-H1Ii1LjyFU,0.64,0.36,Good
19,X-Men: Apocalypse,COvnHv42T-A,0.7319587628865979,0.268041237113402,Good
20,Resident Evil: The Final Chapter,79Sd4GtOXuI,0.6632653061224489,0.336734693877551,Average
21,Captain America: Civil War,dKrVegVI0Us,0.71875,0.28125,Good
22,Interstellar,2LqzF5WauAw,0.6530612244897959,0.3469387755102041,Good
23,Doctor Strange,HSzx-zryEgM,0.7525773195876289,0.2474226804123711,Good
24,The Magnificent Seven,q-RBA0xoaWU,0.6020408163265306,0.3979591836734694,Average
25,Sausage Party,RDm_jsvksQQ,0.5473684210526316,0.4526315789473684,Average
26,Moonlight,9NJj12tJzqc,0.7010309278350515,0.2989690721649484,Good
27,The Founder,AX2uz2XYkbo,0.6363636363636364,0.3636363636363636,Good
28,Lowriders,6k0mm_cxzy0,0.5050505050505051,0.494949494949495,Average
29,Pirates of the Caribbean: On Stranger Tides,kvIyBMWSdLs,0.4,0.6,Average
30,Miss Sloane,AMUkfmUu44k,0.5454545454545454,0.4545454545454545,Good
31,Underworld: Blood Wars,rKHL5PyAPzs,0.53,0.47,Average
32,Mother's Day,2BPr217zLps,0.6185567010309279,0.3814432989690721,Average
33,John Wick,qEVUtrk8_B4,0.6185567010309279,0.3814432989690721,Good
34,The Dark Knight,EXeTwQWrcwY,0.7244897959183674,0.2755102040816326,Good
35,Silence,IqrgxZLd_gE,0.6060606060606061,0.3939393939393939,Good
36,Don't Breathe,76yBTNDB6vU,0.48,0.52,Good
37,Me Before You,Eh993__rOxA,0.61,0.39,Good
38,Their Finest,mMh1EvAQOQ8,0.6956521739130435,0.3043478260869565,Average
39,Sully,mjKEXxO2KNE,0.6530612244897959,0.3469387755102041,Good
40,Batman v Superman: Dawn of Justice,0WWzgGyAH6Y,0.6767676767676768,0.3232323232323232,Average
41,Fifty Shades of Grey,SfZWFDs0LxA,0.6326530612244898,0.3673469387755102,Bad
42,The Prestige,RLtaA9fFNXU,0.7959183673469388,0.2040816326530612,Good
43,Kingsman: The Secret Service,kl8F-8tR8to,0.57,0.43,Good
44,Patriots Day,ykwSo64RYao,0.6428571428571429,0.3571428571428571,Good
45,Mad Max: Fury Road,hEJnMQG9ev8,0.7070707070707071,0.2929292929292929,Good
46,Wakefield,E00DODio0Wk,0.6555555555555556,0.3444444444444444,Good
47,Deepwater Horizon,8yASbM8M2vg,0.57,0.43,Good
48,A Monster Calls,WMgm20Di9Wg,0.6868686868686869,0.3131313131313131,Good
49,Collateral Beauty,dpFyds_pS2E,0.6597938144329897,0.3402061855670103,Average
50,Inglourious Basterds,KnrRy6kSFF0,0.7142857142857143,0.2857142857142857,Good
51,Pirates of the Caribbean: Dead Man's Chest,SNA-Ezahmok,0.71875,0.28125,Good
52,Ghostbusters,ahZFCF--uRY,0.5612244897959183,0.4387755102040816,Average
53,Inception,YoHD9XEInc0,0.7835051546391752,0.2164948453608247,Good
54,Captain Fantastic,DHJuC8U8CHU,0.63,0.37,Good
55,The Wolf of Wall Street,iszwuX1AK6A,0.5858585858585859,0.4141414141414141,Good
56,Gone Girl,2-_-1nJf8Vg,0.7070707070707071,0.2929292929292929,Good
57,Furious Seven,Skpu5HaVkOc,0.7578947368421053,0.2421052631578947,Good
58,Jurassic World,RFinNxS5KN4,0.58,0.42,Average
59,Live by Night,CtFZcAuH-qI,0.76,0.24,Average
60,The Hateful Eight,nIOmotayDMY,0.6428571428571429,0.3571428571428571,Good
61,The Accountant,DBfsgcswlYQ,0.7878787878787878,0.2121212121212121,Good
62,Prisoners,2SupordEUpw,0.6565656565656566,0.3434343434343434,Good
63,Warcraft,2Rxoz13Bthc,0.723404255319149,0.2765957446808511,Average
64,The Help,XOTkNsxhECY,0.8292682926829268,0.1707317073170731,Good
65,War Dogs,Rwh9c_E3dJk,0.5368421052631579,0.4631578947368421,Good
66,Avengers: Age of Ultron,tmeOjFno6Do,0.7083333333333334,0.2916666666666667,Good
67,The Nice Guys,GQR5zsLHbYw,0.7755102040816326,0.2244897959183673,Good
68,Kimi no na wa,xU47nhruN-Q,0.6701030927835051,0.3298969072164948,Good
69,The Void,IkmSNt4moNg,0.5959595959595959,0.404040404040404,Average
70,The Departed,iojhqm0JTW4,0.7551020408163265,0.2448979591836734,Good
71,Legend,WVHlrfzLjd4,0.4583333333333333,0.5416666666666666,Average
72,Thor,JOddp-nlNvQ,0.5959595959595959,0.404040404040404,Average
73,The Martian,ej3ioOneTy8,0.6666666666666666,0.3333333333333333,Good
74,The Man from U.N.C.L.E.,4K4Iv_N9Nno,0.63,0.37,Good
75,Hell or High Water,JQoqsKoJVDw,0.696969696969697,0.303030303030303,Good
76,The Comedian,QJit_DU2XhM,0.5428571428571428,0.4571428571428571,Average
77,The Legend of Tarzan,Aj7ty6sViiU,0.62,0.38,Average
78,Ex Machina,bggUmgeMCdc,0.5959595959595959,0.404040404040404,Good
79,The Belko Experiment,jP2Ow2CX6OQ,0.62,0.38,Average
80,12 Years a Slave,z02Ie8wKKRg,0.59,0.41,Good
81,Harry Potter and the Deathly Hallows: Part 2,5NYt1qirBWg,0.73,0.27,Good
82,The Neon Demon,cipOTUO0CmU,0.6391752577319587,0.3608247422680412,Average
83,10 Cloverfield Lane,yQy-ANhnUpE,0.52,0.48,Good
84,Miss Peregrine's Home for Peculiar Children,tV_IhWE4LP0,0.6161616161616161,0.3838383838383838,Average
85,Divergent,sutgWjz10sM,0.68,0.32,Average
86,Mike and Dave Need Wedding Dates,33MtR-g4Jcg,0.71,0.29,Average
87,The Dark Knight Rises,g8evyE9TuYk,0.711340206185567,0.2886597938144329,Good
88,Transformers: Age of Extinction,dYDGqmxMZFI,0.6122448979591837,0.3877551020408163,Average
89,Nerve,2PR9MOPTI7g,0.7474747474747475,0.2525252525252525,Average
90,Mamma Mia!,iCVpJ8x1Tnc,0.6428571428571429,0.3571428571428571,Average
91,The Revenant,LoebZZ8K5N0,0.6770833333333334,0.3229166666666667,Good
92,Fences,spCxVd9ctFs,0.6464646464646465,0.3535353535353535,Good
93,Into the Woods,2Byk9Is3TjY,0.67,0.33,Average
94,The Shallows,EgdxIlSuB70,0.57,0.43,Average
95,Whiplash,oAhvG3wIE_g,0.9090909090909092,0.0909090909090909,Good
96,Furious 6,dKi5XoeTN0k,0.6041666666666666,0.3958333333333333,Good
97,The Place Beyond the Pines,G07pSbHLXgg,0.6161616161616161,0.3838383838383838,Good
98,No Country for Old Men,A0oNrgumrlE,0.7352941176470589,0.2647058823529412,Good
99,The Great Gatsby,4w8lohkQtbY,0.5959595959595959,0.404040404040404,Good
100,Shutter Island,5iaYLCiq5RM,0.66,0.34,Good
101,Diary of a Wimpy Kid,VKhCPUa-glo,0.5263157894736842,0.4736842105263157,Average
102,The Big Short,vgqG3ITMv1Q,0.5353535353535354,0.4646464646464646,Good
103,Room,E_Ci-pAL4eE,0.6565656565656566,0.3434343434343434,Good
104,Ah-ga-ssi,whldChqCsYk,0.7346938775510204,0.2653061224489796,Good
105,The Edge of Seventeen,aw9hlZ2uiII,0.6938775510204082,0.3061224489795918,Good
106,Watchmen,wglmbroElU0,0.7070707070707071,0.2929292929292929,Good
107,Superbad,LvKvus3vCEY,0.6947368421052632,0.3052631578947368,Good
108,Inferno,RH2BD49sEZI,0.48,0.52,Average
109,The Hunger Games,mfmrPu43DF8,0.61,0.39,Good
110,White Girl,7dzrDvaHGEA,0.58,0.42,Average
111,Sicario,Yfhu5JIxnZc,0.65625,0.34375,Good
112,Aliens vs Predator - Requiem,oqLM_21tqyc,0.4705882352941176,0.5294117647058824,Bad
113,Pacific Rim,5guMumPFBag,0.5670103092783505,0.4329896907216495,Average
114,"Crazy, Stupid, Love.",8iCwtxJejik,0.7244897959183674,0.2755102040816326,Good
115,Scott Pilgrim vs. the World,7wd5KEaOtm4,0.6868686868686869,0.3131313131313131,Good
116,Free Fire,oDD3I0uOlqY,0.5656565656565656,0.4343434343434343,Average
117,X-Men: Days of Future Past,pK2zYHWDZKo,0.5154639175257731,0.4845360824742268,Good
118,Casino Royale,36mnx8dBbGE,0.8367346938775511,0.1632653061224489,Good
119,Twilight,QDRLSqm_WVg,0.6161616161616161,0.3838383838383838,Average
120,Now You See Me 2,4I8rVcSQbic,0.61,0.39,Average
121,Woman in Gold,wu9JeTX6Sdw,0.59,0.41,Good
122,13 Hours,4CJBuUwd0Os,0.51,0.49,Good
123,Spectre,ujmoYyEyDP8,0.7142857142857143,0.2857142857142857,Average
124,Nightcrawler,X8kYDQan8bw,0.6464646464646465,0.3535353535353535,Good
125,Her,dJTU48_yghs,0.7216494845360825,0.2783505154639175,Good
126,Tomorrowland,lNzukD8pS_s,0.61,0.39,Average
127,Dawn of the Planet of the Apes,DpSaTrW4leg,0.63,0.37,Good
128,Tropic Thunder,9Pl4JNnqNaE,0.673469387755102,0.3265306122448979,Average
129,The Conjuring 2,VFsmuRPClr4,0.66,0.34,Good
130,Ant-Man,ZlNFpri-Y40,0.6391752577319587,0.3608247422680412,Good
131,Bridget Jones's Baby,mJsvmscPY9w,0.59,0.41,Average
132,The VVitch: A New-England Folktale,iQXmlf3Sefg,0.6767676767676768,0.3232323232323232,Average
133,Forushande,2VBwLOHwio0,1.0,0.0,Good
134,Billy Lynn's Long Halftime Walk,mUULFJ_I048,0.5463917525773195,0.4536082474226804,Average
135,Crimson Peak,6yAbFYbi8XU,0.7171717171717171,0.2828282828282828,Average
136,Drive,KBiOF3y1W0Y,0.6122448979591837,0.3877551020408163,Good
137,Trainwreck,y_KP9x80Z9Q,0.6122448979591837,0.3877551020408163,Average
138,Spotlight,EwdCIpbTN5g,0.6161616161616161,0.3838383838383838,Good
139,Morgan,rqmHSR0bFU8,0.6224489795918368,0.3775510204081632,Average
140,Warrior,I5kzcwcQA1Q,0.673469387755102,0.3265306122448979,Good
141,Captain America: The First Avenger,JerVrbLldXw,0.6363636363636364,0.3636363636363636,Average
142,Into the Wild,XZG1FzyB8DI,0.68,0.32,Good
143,The Imitation Game,nuPZUUED5uk,0.6632653061224489,0.336734693877551,Good
144,Central Intelligence,MxEw3elSJ8M,0.7291666666666666,0.2708333333333333,Average
145,Edge of Tomorrow,vw61gCe2oqI,0.5319148936170213,0.4680851063829787,Good
146,A Cure for Wellness,JF1rLFCdewU,0.6464646464646465,0.3535353535353535,Average
147,Snowden,QlSAiI3xMh4,0.66,0.34,Good
148,Iron Man,8ugaeA-nMTc,0.6464646464646465,0.3535353535353535,Good
149,Allegiant,tE8LEPSTK6A,0.4285714285714285,0.5714285714285714,Average
150,X: First Class,UrbHykKUfTM,0.6464646464646465,0.3535353535353535,Good
151,Raw (II),gFlXVX2af_Y,0.4897959183673469,0.5102040816326531,Good
152,Paterson,m8pGJBgiiDU,0.71,0.29,Good
153,Bridesmaids,FNppLrmdyug,0.6565656565656566,0.3434343434343434,Average
154,San Andreas,23VflsU3kZE,0.5555555555555556,0.4444444444444444,Average
155,Spring Breakers,imDML4om8z8,0.5979381443298969,0.4020618556701031,Average
156,Transformers,WWWDskI46Js,0.6263736263736264,0.3736263736263736,Good
157,Thor: The Dark World,npvJ9FTgZbM,0.7446808510638298,0.2553191489361702,Average
158,Gods of Egypt,IJBnK2wNQSo,0.5858585858585859,0.4141414141414141,Average
159,Captain America: The Winter Soldier,7SlILk2WMTI,0.6565656565656566,0.3434343434343434,Good
160,Monster Trucks,Fd0GdvApn-o,0.6631578947368421,0.3368421052631579,Average
161,Kick-Ass,2rpXHqnGDXo,0.6494845360824743,0.3505154639175257,Good
162,Hardcore Henry,96EChBYVFhU,0.6477272727272727,0.3522727272727273,Average
163,It Follows,HkZYbOH0ujw,0.6,0.4,Average
164,The Girl with the Dragon Tattoo,DqQe3OrsMKI,0.55,0.45,Good
165,We're the Millers,0Vsy5KzsieQ,0.64,0.36,Average
166,American Honey,y1SpWZm1PLc,0.6458333333333334,0.3541666666666667,Average
167,The Lobster,LTNZmOJxuAc,0.5959595959595959,0.404040404040404,Good
168,Predators,uzqYqoVoU74,0.7575757575757576,0.2424242424242424,Average
169,Maleficent,w-XO4XiRop0,0.62,0.38,Average
170,Pan's Labyrinth,AcHasH-nLhU,0.711340206185567,0.2886597938144329,Good
171,A Kind of Murder,12zoi09mRoE,0.75,0.25,Average
172,Apocalypto,ngWBddVNVZs,0.7857142857142857,0.2142857142857142,Good
173,Mission: Impossible - Rogue Nation,gOW_azQbOjw,0.62,0.38,Good
174,The Huntsman: Winter's War,_W65ndip7MM,0.4897959183673469,0.5102040816326531,Average
175,The Perks of Being a Wallflower,n5rh7O4IDc0,0.7474747474747475,0.2525252525252525,Good
176,Jackie,g9pW3B8Ycc4,0.696969696969697,0.303030303030303,Average
177,The Disappointments Room,O7a-hmoh6Jw,0.44,0.56,Bad
178,The Grand Budapest Hotel,1Fg5iWmQjwk,0.5894736842105263,0.4105263157894737,Good
179,Fury,DNHuK1rteF4,0.63,0.37,Good
180,Percy Jackson & the Olympians: The Lightning Thief,rNhV8dk6W2M,0.4747474747474747,0.5252525252525253,Average
181,Children of Men,2VT2apoX90o,0.67,0.33,Good
182,20th Century Women,6JnFaltqnAY,0.59,0.41,Good
183,Spy,ltijEmlyqlg,0.6020408163265306,0.3979591836734694,Good
184,The Intouchables,34WIbmXkewU,0.65,0.35,Good
185,Kynodontas,yQdjxQN4ieg,0.6410256410256411,0.358974358974359,Good
186,Straight Outta Compton,-F5WcFPDzko,0.7346938775510204,0.2653061224489796,Good
187,The Amazing Spider-Man 2,nbp3Ra3Yp74,0.5833333333333334,0.4166666666666667,Average
188,The Conjuring,k10ETZ41q5o,0.68,0.32,Good
189,The Hangover,tcdUhdOlz9M,0.6808510638297872,0.3191489361702128,Good
190,Battleship,JpoabtbEJOI,0.48,0.52,Average
191,Rise of the Planet of the Apes,VzDt7uBBIOI,0.711864406779661,0.288135593220339,Good
192,Lights Out,6LiKKFZyhRU,0.6464646464646465,0.3535353535353535,Average
193,Norman: The Moderate Rise and Tragic Fall of a New York Fixer,TZMCfZq3qc4,0.6666666666666666,0.3333333333333333,Good
194,Birdman or (The Unexpected Virtue of Ignorance),uJfLoE6hanc,0.5757575757575758,0.4242424242424242,Good
195,Black Swan,5jaI1XOB-bs,0.673469387755102,0.3265306122448979,Good
196,Knock Knock,BHV0lsAqiS8,0.5212765957446809,0.4787234042553192,Bad
197,Dirty Grandpa,q1zlkaPpMsA,0.54,0.46,Average
198,Cloud Atlas,ByehYal_cCs,0.5714285714285714,0.4285714285714285,Good
199,X-Men Origins: Wolverine,8IxT7WFL6Ec,0.7419354838709677,0.2580645161290322,Average
200,The Hobbit: An Unexpected Journey,SDnYMbYB-nU,0.5918367346938775,0.4081632653061224,Good
201,21 Jump Street,RLoKtb4c4W0,0.7070707070707071,0.2929292929292929,Good
202,Sing Street,jYk2Vx1z6lk,0.61,0.39,Good
203,Oblivion,XmIIgE7eSak,0.6868686868686869,0.3131313131313131,Average
204,22 Jump Street,qP755JkDxyM,0.7244897959183674,0.2755102040816326,Good
205,Zodiac,yNncHPl1UXg,0.6868686868686869,0.3131313131313131,Good
206,Everybody Wants Some!!,y6raUs0CiCQ,0.5555555555555556,0.4444444444444444,Average
207,Iron Man Three,YLorLVa95Xo,0.7373737373737373,0.2626262626262626,Good
208,Now You See Me,KzJNYYkkhzc,0.59,0.41,Good
209,Sherlock Holmes,J7nJksXDBWc,0.7272727272727273,0.2727272727272727,Good
210,The Danish Girl,d88APYIGkjk,0.64,0.36,Average
211,Hercules,HydiAICZq6I,0.5319148936170213,0.4680851063829787,Average
212,Sucker Punch,9k10AzCcMOM,0.6777777777777778,0.3222222222222222,Average
213,Keeping Up with the Joneses,nPfYXXg65qA,0.5858585858585859,0.4141414141414141,Average
214,Jupiter Ascending,gQHKolIqBGs,0.63,0.37,Average
215,Busanhaeng,1ovgxN2VWNc,0.7142857142857143,0.2857142857142857,Good
216,Pitch Perfect,8dItOM6eYXY,0.5959595959595959,0.404040404040404,Good
217,Neighbors 2: Sorority Rising,X2i9Zz_AqTg,0.7142857142857143,0.2857142857142857,Average
218,Man of Steel,T6DJcgm3wNY,0.6736842105263158,0.3263157894736842,Good
219,The Choice,nWPM1jTnuuo,0.404040404040404,0.5959595959595959,Average
220,Ice Age: Collision Course,Ohq6NmKMja8,0.5555555555555556,0.4444444444444444,Average
221,The Devil Wears Prada,6ZOZwUQKu3E,0.5959595959595959,0.404040404040404,Average
222,The Infiltrator,N7_M4hjXW1I,0.6161616161616161,0.3838383838383838,Good
223,There Will Be Blood,FeSLPELpMeM,0.68,0.32,Good
224,The Equalizer,VjctHUEmutw,0.6666666666666666,0.3333333333333333,Good
225,Lone Survivor,yoLFk4JK_RM,0.5510204081632653,0.4489795918367347,Good
226,The Cabin in the Woods,NsIilFNNmkY,0.52,0.48,Average
227,The House Bunny,i-RmuzppVuM,0.6868686868686869,0.3131313131313131,Average
228,She's Out of My League,3F0XwZex1jQ,0.6868686868686869,0.3131313131313131,Average
229,Inherent Vice,wZfs22E7JmI,0.7474747474747475,0.2525252525252525,Average
230,The Fast and the Furious: Tokyo Drift,p8HQ2JLlc4E,0.5913978494623656,0.4086021505376344,Average
231,How to Be Single,akwGjUeU6YA,0.55,0.45,Average
232,The Blind Side,gvqj_Tk_kuM,0.7938144329896907,0.2061855670103092,Good
233,La vie d'Adèle,_krVNLB4N9A,0.5454545454545454,0.4545454545454545,Good
234,The Babadook,k5WQZzDRVtw,0.53,0.47,Average
235,The Hobbit: The Battle of the Five Armies,iVAgTiBrrDA,0.7040816326530612,0.2959183673469387,Good
236,Harry Potter and the Order of the Phoenix,y6ZW7KXaXYk,0.73,0.27,Good
237,Snowpiercer,nX5PwfEMBM0,0.59,0.41,Average
238,The 5th Wave,kmxLybfGNC4,0.7551020408163265,0.2448979591836734,Average
239,The Visit,YfQnRjkuvaY,0.53,0.47,Average
240,Fast Five,vcn2GOuZCKI,0.4343434343434343,0.5656565656565656,Good
241,Step Up,ZgnmCqA25-o,0.6565656565656566,0.3434343434343434,Average
242,Lovesong,UqUcDru8plY,0.65,0.35,Average
243,RocknRolla,TdpR8VuvbCM,0.6391752577319587,0.3608247422680412,Good
244,In Time,YRSBiTF3wNw,0.6836734693877551,0.3163265306122449,Average
245,The Social Network,lB95KLmpLR4,0.55,0.45,Good
246,The Last Witch Hunter,xsuG2JUgs_8,0.6464646464646465,0.3535353535353535,Average
247,Victor Frankenstein,7pxZxY_Siyc,0.75,0.25,Average
248,A Street Cat Named Bob,s13Fnj8LzD8,0.5212765957446809,0.4787234042553192,Good
249,Green Room,Q8XSARX3DQg,0.55,0.45,Average
250,Blackhat,Qn2g9qGbH_k,0.6326530612244898,0.3673469387755102,Average
251,American Sniper,99k3u9ay1gs,0.5757575757575758,0.4242424242424242,Good
252,Dallas Buyers Club,KDvPcBeOn8E,0.6842105263157895,0.3157894736842105,Good
253,Lincoln,KJVuqYkI2jQ,0.6914893617021277,0.3085106382978723,Good
254,Rush,4XA73ni9eVs,0.6464646464646465,0.3535353535353535,Good
255,Silver Linings Playbook,kVS-6k2tQAA,0.7040816326530612,0.2959183673469387,Good
256,The Fault in Our Stars,9ItBvH5J6ss,0.8080808080808081,0.1919191919191919,Good
257,Blended,8MuWt2X59fo,0.53,0.47,Average
258,Fast & Furious,ZsJz2TJAPjw,0.6526315789473685,0.3473684210526316,Average
259,Looper,2iQuhsmtfHw,0.5858585858585859,0.4141414141414141,Good
260,White House Down,WfaTlmYvTA8,0.4242424242424242,0.5757575757575758,Average
261,Pete's Dragon,fPOamb6d_20,0.48,0.52,Average
262,Spider-Man 3,e5wUilOeOmg,0.7582417582417582,0.2417582417582417,Average
263,The Three Musketeers,TYic5JxgTMc,0.5773195876288659,0.422680412371134,Average
264,Stardust,-wwv427DAvA,0.7052631578947368,0.2947368421052631,Good
265,American Hustle,NqgjPRNRDSY,0.54,0.46,Good
266,Jennifer's Body,C8azftM5puI,0.6020408163265306,0.3979591836734694,Average
267,Midnight in Paris,FAfR8omt-CY,0.7676767676767676,0.2323232323232323,Good
268,Joy,uR-2TiQVY-k,0.5858585858585859,0.4141414141414141,Average
269,The Dressmaker,DMEu-1CIB_I,0.6122448979591837,0.3877551020408163,Good
270,Café Society,-1yDgVpHH8U,0.7931034482758621,0.2068965517241379,Average
271,Insurgent,IR-l_TSjlEo,0.5104166666666666,0.4895833333333333,Average
272,Seventh Son,TXiNkOjM7oM,0.45,0.55,Average
273,The Theory of Everything,Salz7uGp72c,0.63,0.37,Good
274,This Is the End,kliQSsD_npo,0.7777777777777778,0.2222222222222222,Average
275,About Time,T7A810duHvw,0.7040816326530612,0.2959183673469387,Good
276,Clown,GkwHXxcBr1A,0.5757575757575758,0.4242424242424242,Average
277,Star Trek Into Darkness,QAEkuVgt6Aw,0.6428571428571429,0.3571428571428571,Good
278,Zombieland,8m9EVP8X7N8,0.6122448979591837,0.3877551020408163,Good
279,"Hail, Caesar!",kMqeoW3XRa0,0.5,0.5,Average
280,Slumdog Millionaire,AIzbwV7on6Q,0.7878787878787878,0.2121212121212121,Good
281,The Twilight Saga: Breaking Dawn - Part 2,Ocz50YJOFTM,0.494949494949495,0.5050505050505051,Average
282,The Amazing Spider-Man,-tnxzJ0SSOw,0.5959595959595959,0.404040404040404,Average
283,Ben-Hur,gLJdzky63BA,0.5670103092783505,0.4329896907216495,Average
284,Sleight,ORL1d7GWoBc,0.53,0.47,Average
285,The Maze Runner,AwwbhhjQ9Xk,0.6666666666666666,0.3333333333333333,Average
286,Criminal,3bvnoqsvY-M,0.6082474226804123,0.3917525773195876,Average
287,Wanted,edpEspHOeVU,0.6565656565656566,0.3434343434343434,Average
288,Florence Foster Jenkins,qth6y8SrXNY,0.53125,0.46875,Average
289,Collide,C8QSfaoSSD0,0.5,0.5,Average
290,Black Mass,R_F-lVhSfx8,0.6767676767676768,0.3232323232323232,Average
291,Creed,Uv554B7YHk4,0.696969696969697,0.303030303030303,Good
292,Swiss Army Man,yrK1f4TsQfM,0.7157894736842105,0.2842105263157894,Good
293,The Expendables 3,4xD0junWlFc,0.5757575757575758,0.4242424242424242,Average
294,What We Do in the Shadows,IAZEWtyhpes,0.84,0.16,Good
295,Southpaw,Mh2ebPxhoLs,0.5151515151515151,0.4848484848484848,Good
296,Bridge of Spies,mBBuzHrZBro,0.5252525252525253,0.4747474747474747,Good
297,Everest,5ZQVpPiOji0,0.6185567010309279,0.3814432989690721,Good
298,Pixels,XAHprLW48no,0.4545454545454545,0.5454545454545454,Average
299,Robin Hood,zwPn9ZnbCo0,0.3571428571428571,0.6428571428571429,Average
300,The Wolverine,u1VCP3O8wG0,0.6226415094339622,0.3773584905660377,Average
301,John Carter,nlvYKl1fjBI,0.51,0.49,Average
302,Keanu,K9zy27apgI8,0.7216494845360825,0.2783505154639175,Average
303,The Gunman,Ug9xufczPVE,0.4545454545454545,0.5454545454545454,Average
304,Steve Jobs,aEr6K1bwIVs,0.6122448979591837,0.3877551020408163,Good
305,Grown Ups 2,Sq5CIH0duMk,0.6530612244897959,0.3469387755102041,Average
306,The Age of Adaline,7UzSekc0LoQ,0.66,0.34,Good
307,The Incredible Hulk,xbqNb2PFKKA,0.5567010309278351,0.4432989690721649,Average
308,Couples Retreat,X4j_NTFos9c,0.494949494949495,0.5050505050505051,Average
309,Magic Mike,Dd0XPRo4LZQ,0.51,0.49,Average
310,The Best of Me,cQszhfoP_WI,0.4329896907216495,0.5670103092783505,Average
311,The Invitation,5bL1ftuxgOE,0.53125,0.46875,Average
312,The Hunger Games: Mockingjay - Part 2,n-7K_OjsDCQ,0.7525773195876289,0.2474226804123711,Average
313,Vacation,kleG7XCqOb4,0.51,0.49,Average
314,Taken,XK9zL0ze9O4,0.6170212765957447,0.3829787234042553,Good
315,Pitch Perfect 2,OgPm-yaLoyo,0.7346938775510204,0.2653061224489796,Average
316,Mechanic: Resurrection,QF903RaKLvs,0.5157894736842106,0.4842105263157895,Average
317,Tusk,BCQJnOn0ru0,0.7755102040816326,0.2244897959183673,Average
318,Harry Potter and the Deathly Hallows: Part 1,MxqsmsA8y5k,0.8367346938775511,0.1632653061224489,Good
319,Shame,Op9iQiB_ANI,0.696969696969697,0.303030303030303,Good
320,Hanna,u73CLdHpbNk,0.7171717171717171,0.2828282828282828,Average
321,Pride and Prejudice and Zombies,syjfmdvLu9c,0.54,0.46,Average
322,300: Rise of an Empire,2zqy21Z29ps,0.7216494845360825,0.2783505154639175,Average
323,London Has Fallen,3AsOdX7NcJs,0.4795918367346938,0.5204081632653061,Average
324,The Curious Case of Benjamin Button,iH6FdW39Hag,0.826530612244898,0.173469387755102,Good
325,Sin City: A Dame to Kill For,nqRRF5y94uE,0.6060606060606061,0.3939393939393939,Average
326,The Bourne Ultimatum,ZT2ZxjUjSo0,0.7553191489361702,0.2446808510638297,Good
327,3 Idiots,K0eDlFX9GMc,0.6979166666666666,0.3020833333333333,Good
328,Zoolander 2,4CL4LNWHegk,0.6868686868686869,0.3131313131313131,Bad
329,World War Z,Md6Dvxdr0AQ,0.5,0.5,Average
330,Mission: Impossible - Ghost Protocol,EDGYVFZxsXQ,0.7244897959183674,0.2755102040816326,Good
331,The Longest Ride,FUS_Q7FsfqU,0.6464646464646465,0.3535353535353535,Good
332,The imposible,Bgw394ZKsis,0.54,0.46,Good
333,Kick-Ass 2,1zcMLxIuuww,0.7162162162162162,0.2837837837837837,Average
334,Oz the Great and Powerful,_1NGnVLDPog,0.5773195876288659,0.422680412371134,Average
335,Brooklyn,15syDwC000k,0.6224489795918368,0.3775510204081632,Good
336,Blue Valentine,aILx69WrRhQ,0.66,0.34,Good
337,Dredd,G-eI5oLlIeY,0.6938775510204082,0.3061224489795918,Good
338,Hunt for the Wilderpeople,dPaU4Gymt3E,0.64,0.36,Good
339,Carrie,j9Mg-GRS46Y,0.6063829787234043,0.3936170212765957,Average
340,Iron Man 2,BoohRoVA9WQ,0.6565656565656566,0.3434343434343434,Average
341,Demolition,3UnSXelOJo0,0.5858585858585859,0.4141414141414141,Average
342,Pandorum,PItZ-qr9jG8,0.5757575757575758,0.4242424242424242,Average
343,Olympus Has Fallen,ar-IaAx7s8k,0.5050505050505051,0.494949494949495,Average
344,I Am Number Four,CfMMosvPHfQ,0.6,0.4,Average
345,Jagten,ieLIOBkMgAQ,0.7373737373737373,0.2626262626262626,Good
346,The Proposal,dbYST9QhCYY,0.7435897435897436,0.2564102564102564,Average
347,Get Hard,l5lojEIitNw,0.68,0.32,Average
348,Just Go with It,fpj7i2CPt8M,0.72,0.28,Average
349,Revolutionary Road,WGS9M6uiOW4,0.6262626262626263,0.3737373737373737,Good
350,The Town,uAjECYnrYks,0.84,0.16,Good
351,Denial,yH7ktvUWaYo,0.62,0.38,Average
352,Goosebumps,7Cn716jv61s,0.3737373737373737,0.6262626262626263,Average
353,Sherlock Holmes: A Game of Shadows,DpxtbtnC1u8,0.6767676767676768,0.3232323232323232,Good
354,Salt,QZ40WlshNwU,0.5757575757575758,0.4242424242424242,Average
355,Enemy,FJuaAWrgoUY,0.6,0.4,Average
356,District 9,DyLUwOcR5pk,0.5858585858585859,0.4141414141414141,Good
357,The Other Guys,D6WOoUG1eNo,0.67,0.33,Average
358,American Gangster,BV_nssS6Zkg,0.6382978723404256,0.3617021276595745,Good
359,Marie Antoinette,yBWyKRoh98U,0.55,0.45,Average
360,2012,ce0N3TEcFw0,0.6262626262626263,0.3737373737373737,Average
361,Harry Potter and the Half-Blood Prince,tAiy66Xrsz4,0.78125,0.21875,Good
362,Argo,T29kIOXpj6o,0.6376811594202898,0.3623188405797101,Good
363,Eddie the Eagle,hyzQjVUmIxk,0.69,0.31,Good
364,The Lives of Others,n3_iLOp6IhM,0.7857142857142857,0.2142857142857142,Good
365,Forgetting Sarah Marshall,K4xD8ZMdJms,0.5816326530612245,0.4183673469387755,Good
366,The Giver,uxFJvlWqphM,0.42,0.58,Average
367,Triple 9,JzUtr5sjRvU,0.6,0.4,Average
368,Moonrise Kingdom,7N8wkVA4_8s,0.6565656565656566,0.3434343434343434,Good
369,Hairspray,SUoG7mqCixI,0.6767676767676768,0.3232323232323232,Average
370,Safe Haven,p4vhm3_-3VM,0.58,0.42,Average
371,Focus,MxCRgtdAuBo,0.55,0.45,Average
372,Stake Land,xN6_TlQmV5A,0.5492957746478874,0.4507042253521127,Average
373,The Book of Eli,zSMHmtaoXtI,0.6914893617021277,0.3085106382978723,Average
374,Cloverfield,_afPFLvh2qg,0.7319587628865979,0.268041237113402,Average
375,Point Break,ZgHPumVN4Fo,0.725,0.275,Average
376,Under the Skin,J7bAZCOk0Sc,0.58,0.42,Average
377,I Am Legend,dtKMEAXyPkg,0.6938775510204082,0.3061224489795918,Good
378,Super 8,Yo4d8uHsxXw,0.8717948717948718,0.1282051282051282,Good
379,Law Abiding Citizen,LX6kVRsdXW4,0.6464646464646465,0.3535353535353535,Good
380,Maze Runner: The Scorch Trials,SDofO3P2HpE,0.6451612903225806,0.3548387096774194,Average
381,Carol,679wr31SXWk,0.5918367346938775,0.4081632653061224,Good
382,Youth,-T7CM4di_0c,0.6530612244897959,0.3469387755102041,Good
383,Savages,jDZSt_MhU4Q,0.5,0.5,Average
384,(500) Days of Summer,PsD0NpFSADM,0.65,0.35,Good
385,Movie 43,A9fBCkwDW8c,0.55,0.45,Bad
386,Gravity,OiTiKOy59o4,0.6020408163265306,0.3979591836734694,Good
387,The Boy in the Striped Pyjamas,9ypMp0s5Hiw,0.711340206185567,0.2886597938144329,Good
388,The Happening,HAQVYYqj3Ro,0.660377358490566,0.3396226415094339,Bad
389,Bone Tomahawk,0ZbwtHi-KSE,0.5858585858585859,0.4141414141414141,Good
390,Easy A,KNbPnqyvItk,0.76,0.24,Good
391,Exodus: Gods and Kings,t-8YsulfxVI,0.5463917525773195,0.4536082474226804,Average
392,Chappie,lyy7y0QOK-0,0.5729166666666666,0.4270833333333333,Average
393,Half of a Yellow Sun,bq9jI1QnEXU,0.625,0.375,Average
394,Anthropoid,blAKCJcXC5c,0.52,0.48,Good
395,The Counselor,H-BWSrFqjMA,0.3333333333333333,0.6666666666666666,Average
396,Viking,dJ32LuLIKc8,0.6976744186046512,0.3023255813953488,Bad
397,Trust,cFYaADDJI6g,0.7474747474747475,0.2525252525252525,Average
398,Birth of the Dragon,SL7OfxJo2oA,0.4646464646464646,0.5353535353535354,Bad
399,The Green Inferno,FcpYPu9M3bw,0.4444444444444444,0.5555555555555556,Average
400,The Bourne Legacy,jSzy9qQ3mDE,0.66,0.34,Average
401,A Good Year,bKKrLj5ZHiM,0.7384615384615385,0.2615384615384615,Average
402,Friend Request,nDNgs0dgjj4,0.5353535353535354,0.4646464646464646,Average
403,Lucy,bN7ksFEVO9U,0.5,0.5,Average
404,A Quiet Passion,eKJpx8FYp54,0.6621621621621622,0.3378378378378378,Good
405,Need for Speed,u3wtVI-aJuw,0.4897959183673469,0.5102040816326531,Average
406,Jack Reacher,Q-oxhxD32MM,0.5876288659793815,0.4123711340206185,Average
407,The Do-Over,lZ1fKYmF4qU,0.660377358490566,0.3396226415094339,Average
408,The Ghost Writer,L_AerBW0EcI,0.63,0.37,Good
409,Limitless,4TLppsfzQH8,0.67,0.33,Good
410,Midnight Special,oVgxxdu-gJc,0.7422680412371134,0.2577319587628865,Average
411,Don't Think Twice,rzbJXNiEdEg,0.7142857142857143,0.2857142857142857,Average
412,Alice in Wonderland,pMiCJefpn9Q,0.5463917525773195,0.4536082474226804,Average
413,Chuck,0AQXwOOqNNw,0.6666666666666666,0.3333333333333333,Average
414,The Break-Up,guRKt55XOfU,0.64,0.36,Average
415,Fantastic Four,_rRoD28-WgU,0.6428571428571429,0.3571428571428571,Bad
416,The Boy Next Door,MgbBwovOOoc,0.6565656565656566,0.3434343434343434,Bad
417,The Gift,IjF5wdY8zE0,0.51,0.49,Good
418,Dracula Untold,_2aWqecTTuE,0.5858585858585859,0.4141414141414141,Average
419,In the Heart of the Sea,K-H35Mpj4uk,0.54,0.46,Average
420,Idiocracy,6lai9QhBibk,0.8529411764705882,0.1470588235294117,Average
421,The Expendables,8KtYRALe-xo,0.63,0.37,Average
422,Evil Dead,BqQNO7BzN08,0.6,0.4,Average
423,Sinister,_kbQAJR9YWQ,0.52,0.48,Average
424,Snow White and the Huntsman,tCFq6gOXDqY,0.675,0.325,Average
425,Pan,tjW1mKwNUSo,0.6938775510204082,0.3061224489795918,Average
426,Juno,K0SKf0K3bxg,0.65,0.35,Good
427,A Hologram for the King,H0n9_8JKtkI,0.5714285714285714,0.4285714285714285,Average
428,Money Monster,qr_nGAbFkmk,0.4141414141414141,0.5858585858585859,Average
429,The Other Woman,BlHMHLuJWbo,0.5154639175257731,0.4845360824742268,Average
430,The Intern,ZU3Xban0Y6A,0.64,0.36,Good
431,Little Miss Sunshine,bQ7BZTMLImA,0.8,0.2,Good
432,Bleed for This,zQ6ny-fROX8,0.6391752577319587,0.3608247422680412,Average
433,Clash of the Titans,z7cEL6n24d4,0.609375,0.390625,Average
434,The Finest Hours,BQmllwTKtqU,0.56,0.44,Average
435,Tron,L9szn1QQfas,0.71,0.29,Average
436,The Hunger Games: Catching Fire,EAzGXqJSDJ8,0.6363636363636364,0.3636363636363636,Good
437,All Good Things,Ca6hW4J7Jeo,0.8,0.2,Average
438,Kickboxer: Vengeance,0BeJu-0Msik,0.4285714285714285,0.5714285714285714,Bad
439,Sex Tape,sxl4aOyHSwo,0.5151515151515151,0.4848484848484848,Average
440,What to Expect When You're Expecting,_8Um0DEEjkM,0.6610169491525424,0.3389830508474576,Average
441,Moneyball,-4QPVo0UIzc,0.7070707070707071,0.2929292929292929,Good
442,Ghost Rider,nu6R7ypaz5g,0.5595238095238095,0.4404761904761904,Average
443,Unbroken,XrjJbl7kRrI,0.62,0.38,Good
444,Immortals,pE3yR8bZ1pY,0.5612244897959183,0.4387755102040816,Average
445,Sunshine,h9CgwOifQzo,0.5,0.5,Good
446,Brave,AtrDBQ_qmlg,0.6363636363636364,0.3636363636363636,Good
447,Män som hatar kvinnor,fU1d1vPaOkY,0.5,0.5,Good
448,Adoration,73tacUcYIzw,0.7142857142857143,0.2857142857142857,Average
449,The Drop,k8upwtn9A30,0.6571428571428571,0.3428571428571428,Good
450,She's the Man,jf67WlthWXk,0.7291666666666666,0.2708333333333333,Average
451,Daddy's Home,arhMMJx7tCU,0.57,0.43,Average
452,Let Me In,x3guLR8aBpU,0.5757575757575758,0.4242424242424242,Good
453,Never Back Down,2tc-RPjZRm8,0.6565656565656566,0.3434343434343434,Average
454,Grimsby,_YtclB_02wA,0.5050505050505051,0.494949494949495,Average
455,Moon,WWoDBcSW4_c,0.68,0.32,Good
456,Gangster Squad,LlbN5cQKZik,0.62,0.38,Average
457,Blood Father,YR5O562cn0c,0.6020408163265306,0.3979591836734694,Average
458,The Rise of the Krays,7ChEerbVbcE,0.3838383838383838,0.6161616161616161,Average
459,Horrible Bosses,VpUeQV8sdOc,0.6,0.4,Average
460,Hellboy II: The Golden Army,HMWQEi8vvto,0.66,0.34,Average
461,Beautiful Creatures,b2IVUIZX-Ws,0.6052631578947368,0.3947368421052631,Average
462,The Lovely Bones,s9PrQmcV81Y,0.67,0.33,Average
463,The Assassination of Jesse James by the Coward Robert Ford,6RwAWZtK5Uw,0.8080808080808081,0.1919191919191919,Good
464,Don Jon,zAE6YFikffs,0.5,0.5,Average
465,Bastille Day,tO7fJBipjT8,0.5714285714285714,0.4285714285714285,Average
466,2307: Winter's Dream,iLW1vpPESQk,1.0,0.0,Bad
467,Mr. Right,2TatqilQ8rI,0.57,0.43,Average
468,The Secret Life of Walter Mitty,QD6cy4PBQPI,0.7272727272727273,0.2727272727272727,Good
469,Dope,3ViVPRWRRmk,0.5714285714285714,0.4285714285714285,Good
470,Underworld Awakening,tUcrbUCWKQc,0.64,0.36,Average
471,Antichrist,8lnzoZBC3ug,0.3333333333333333,0.6666666666666666,Average
472,Friday the 13th,sAzkW7HFh5U,0.5692307692307692,0.4307692307692308,Average
473,Taken 3,JuU0M2xBasc,0.6666666666666666,0.3333333333333333,Average
474,Total Recall,GljhR5rk5eY,0.5050505050505051,0.494949494949495,Average
475,X-Men: The Last Stand,ZQ0v5dXbw7M,0.7681159420289855,0.2318840579710145,Average
476,Night at the Museum: Secret of the Tomb,KMKk7Dn__-Y,0.5773195876288659,0.422680412371134,Average
477,Love & Other Drugs,h6w7Dh-QxzY,0.6666666666666666,0.3333333333333333,Average
478,The Interview,BObCk4wKLn0,0.4875,0.5125,Average
479,Knocked Up,cv01Mcdf8rI,0.58,0.42,Average
480,Source Code,NkTrG-gpIzE,0.6666666666666666,0.3333333333333333,Good
481,Lawless,rcnkarT81L4,0.8181818181818182,0.1818181818181818,Good
482,Unfriended,Lgj4GjqCFlY,0.4897959183673469,0.5102040816326531,Average
483,American Reunion,OXeWfALLxss,0.6363636363636364,0.3636363636363636,Average
484,The Pursuit of Happyness,DMOBlEcRuw8,0.8061224489795918,0.1938775510204081,Good
485,Relatos salvajes,Utq0aDEp084,0.8571428571428571,0.1428571428571428,Good
486,Frantz,oop8_CgSgmo,0.8888888888888888,0.1111111111111111,Good
487,Burnt,QsyzkkI_g14,0.57,0.43,Average
488,Vampire Academy,E1ERrnYunBg,0.5656565656565656,0.4343434343434343,Average
489,Sweeney Todd: The Demon Barber of Fleet Street,acHBq_oZm-8,0.8061224489795918,0.1938775510204081,Good
490,Insidious,zuZnRUcoWos,0.5714285714285714,0.4285714285714285,Average
491,Popstar: Never Stop Never Stopping,Q9RoNzJrmDo,0.5918367346938775,0.4081632653061224,Average
492,Public Enemies,pv0DMzFwEW4,0.66,0.34,Average
493,Boyhood,Y0oX0xiwOv8,0.5959595959595959,0.404040404040404,Good
494,Eastern Promises,ifilHp3_dWQ,0.7307692307692307,0.2692307692307692,Good
495,The Daughter,5X2aYYDlVSU,0.6666666666666666,0.3333333333333333,Average
496,Pineapple Express,BWZt4v6b1hI,0.5959595959595959,0.404040404040404,Average
497,The First Time,Pa5963ftpDc,0.8888888888888888,0.1111111111111111,Average
498,Gone Baby Gone,Wzh4Q88sthY,0.7777777777777778,0.2222222222222222,Good
499,The Heat,1O3iRdiplB0,0.64,0.36,Average
500,L'avenir,DtD9Gqy79vE,0.0,1.0,Good
501,Anna Karenina,Z-nyXX5zOLg,0.5051546391752577,0.4948453608247423,Average
502,Regression,-pBwIsVGaL4,0.5353535353535354,0.4646464646464646,Average
503,Ted 2,S3AVcCggRnU,0.7,0.3,Average
504,Pain & Gain,X4orHp2y2ZQ,0.59,0.41,Average
505,Blood Diamond,yknIZsvQjG4,0.7525773195876289,0.2474226804123711,Good
506,Child 44,Uia6y9SRsj4,0.4408602150537634,0.5591397849462365,Average
507,The Hurt Locker,AIbFvqFYRT4,0.6808510638297872,0.3191489361702128,Good
508,Green Lantern,7-GO9fo9DtM,0.54,0.46,Average
509,The Mist,LhCKXJNGzN8,0.5454545454545454,0.4545454545454545,Good
510,Escape Plan,etWeYkQ_KLw,0.803030303030303,0.1969696969696969,Average
511,"Love, Rosie",5zL3YJKygd4,0.61,0.39,Good
512,The DUFF,ci7eKlNRiuw,0.4848484848484848,0.5151515151515151,Average
513,The Age of Shadows,zoYsQcGV4b4,0.7395833333333334,0.2604166666666667,Good
514,The Hunger Games: Mockingjay - Part 1,3PkkHsuMrho,0.5612244897959183,0.4387755102040816,Average
515,We Need to Talk About Kevin,SfQaRK3BCYU,0.5858585858585859,0.4141414141414141,Good
516,Love & Friendship,8MaSK3POHI0,0.5979381443298969,0.4020618556701031,Average
517,The Mortal Instruments: City of Bones,GHlwRsl2uFk,0.74,0.26,Average
518,Seven Pounds,zdMpeO5G4OQ,0.7916666666666666,0.2083333333333333,Good
519,The King's Speech,EcxBrTvLbBM,0.6836734693877551,0.3163265306122449,Good
520,Hunger,h61PbLOmyY0,0.46875,0.53125,Good
521,Jumper,DtacNQkFHvo,0.6938775510204082,0.3061224489795918,Average
522,Tinker Tailor Soldier Spy,VW-F1H-Nonk,0.73,0.27,Good
523,Resident Evil: Retribution,hoyMT-7wEqs,0.7551020408163265,0.2448979591836734,Average
524,Dear Zindagi,5DkO7ksXY8E,0.9072164948453608,0.0927835051546391,Good
525,Pompeii,t6TRwfxDICM,0.4285714285714285,0.5714285714285714,Average
526,Life of Pi,3mMN693-F3U,0.6565656565656566,0.3434343434343434,Good
527,I Origins,Mk4briOLrTQ,0.52,0.48,Good
528,Live Free or Die Hard,8Jz-8UcCiws,0.62,0.38,Good
529,Ted,9fbo_pQvU7M,0.64,0.36,Average
530,RED,lwjn6sLl4U8,0.8461538461538461,0.1538461538461538,Good
531,Australia,M_PMKB5T4n4,0.0,1.0,Average
532,Faster,XDBeFAlgjio,0.5670103092783505,0.4329896907216495,Average
533,The Hollars,gDm-hMnvB44,0.67,0.33,Average
534,The Judge,ZBvK6ni97W8,0.6565656565656566,0.3434343434343434,Good
535,Closed Circuit,ktiMVKeA9QM,0.57,0.43,Average
536,La tortue rouge,4yNKialC5fc,0.75,0.25,Good
537,The Heartbreak Kid,ON1-SohDqDg,0.5555555555555556,0.4444444444444444,Average
538,Entourage,SGSE_XPF4_g,0.59,0.41,Average
539,The Strangers,BbqELQHpmQM,0.72,0.28,Average
540,Noah,fdu10cX3pWA,0.3838383838383838,0.6161616161616161,Average
541,Neighbors,KrAf5ALLxGI,0.6122448979591837,0.3877551020408163,Average
542,Wild,tn2-GSqPyl0,0.5656565656565656,0.4343434343434343,Good
543,Grown Ups,e01NVCveGkg,0.5959595959595959,0.404040404040404,Average
544,Blair Witch,girSv9UH_V8,0.5656565656565656,0.4343434343434343,Average
545,The Karate Kid,r_8Rw16uscg,0.6956521739130435,0.3043478260869565,Average
546,Dark Shadows,N6tVdffCr_M,0.63,0.37,Average
547,Friends with Benefits,VzXg-Vr1sMA,0.6597938144329897,0.3402061855670103,Average
548,The Illusionist,i0xO64icGSY,0.7340425531914894,0.2659574468085106,Good
549,The A-Team,exyzEFrmLuM,0.6701030927835051,0.3298969072164948,Average
550,Paul,BJxlNYb8sJQ,0.7553191489361702,0.2446808510638297,Average
551,The Da Vinci Code,5sU9MT8829k,0.6170212765957447,0.3829787234042553,Average
552,True Grit,CUiCu-zuAgM,0.58,0.42,Good
553,We Are Your Friends,gZzAeYWXFpk,0.6363636363636364,0.3636363636363636,Average
554,A Million Ways to Die in the West,2sOa-2EhbTU,0.66,0.34,Average
555,Ouija: Origin of Evil,MJIcZGEjjwo,0.4141414141414141,0.5858585858585859,Average
556,Oculus,dYJrxezWLUk,0.56,0.44,Average
557,In Bruges,96harmMOyiY,0.5714285714285714,0.4285714285714285,Good
558,This Means War,iYkbJMX0d_w,0.5652173913043478,0.4347826086956521,Average
559,The Fighter,LRIZ4mCi5Ps,0.5918367346938775,0.4081632653061224,Good
560,August Rush,zhpwjrbeoJQ,0.8282828282828283,0.1717171717171717,Good
561,Chef,FF_rYNupPwg,0.6020408163265306,0.3979591836734694,Good
562,Eye in the Sky,hOqeoj669xg,0.52,0.48,Good
563,Eagle Eye,kU44N6MKG9Q,0.8,0.2,Average
564,The Purge,K0LLaybEuzA,0.57,0.43,Average
565,Indiana Jones and the Kingdom of the Crystal Skull,kTJy1rFBtVw,0.6415094339622641,0.3584905660377358,Average
566,Paper Towns,rFGiHm5WMLk,0.6391752577319587,0.3608247422680412,Average
567,High-Rise,LKPghZ5cc_E,0.65,0.35,Average
568,Quantum of Solace,mkLcEGMkGMs,0.8333333333333334,0.1666666666666666,Average
569,Lady in the Water,pKR1mfrfGAo,0.7142857142857143,0.2857142857142857,Average
570,The Fountain,m8IlyFCbNZg,0.7244897959183674,0.2755102040816326,Good
571,Unknown,vSXUgkCjdBM,0.61,0.39,Average
572,Self/less,3agaVwt0tb8,0.5204081632653061,0.4795918367346938,Average
573,Mr. Brooks,hXfbVIFc6t4,0.5858585858585859,0.4141414141414141,Good
574,Before We Go,vNzaiGzPoUg,0.6122448979591837,0.3877551020408163,Average
575,Captain Phillips,GEyM01dAxp8,0.4791666666666667,0.5208333333333334,Good
576,Hancock,6iFcGNOWnA8,0.7906976744186046,0.2093023255813953,Average
577,Sisters,vRnhEjP3R-c,0.65625,0.34375,Average
578,The Family,-SwDU04Oeak,0.6979166666666666,0.3020833333333333,Average
579,Zack and Miri Make a Porno,hzxhbxXmbq4,0.8571428571428571,0.1428571428571428,Average
580,Ma vie de Courgette,4d9N5Y_sN8Q,0.6521739130434783,0.3478260869565217,Good
581,Man on a Ledge,sBJSfqdhyTg,0.4343434343434343,0.5656565656565656,Average
582,No Strings Attached,XGmsRMvQ2AM,0.7391304347826086,0.2608695652173913,Average
583,Rescue Dawn,UNm9Tzo5rvI,0.6565656565656566,0.3434343434343434,Good
584,A Walk Among the Tombstones,aTKBowDjMQg,0.6020408163265306,0.3979591836734694,Average
585,The World's End,n__1Y-N5tQk,0.74,0.26,Average
586,Seven Psychopaths,jsHR77oQKEY,0.5876288659793815,0.4123711340206185,Good
587,Beowulf,DLukQJO5SH8,0.6041666666666666,0.3958333333333333,Average
588,Jack Ryan: Shadow Recruit,K9KAnx4EvaE,0.5353535353535354,0.4646464646464646,Average
589,1408,WIASqPZqnhs,0.6666666666666666,0.3333333333333333,Average
590,The Gambler,7CFBu0EommA,0.6,0.4,Average
591,Prince of Persia: The Sands of Time,bZ7Li5w2I-k,0.5252525252525253,0.4747474747474747,Average
592,The Spectacular Now,XDTBLSkUmYk,0.65,0.35,Good
593,A United Kingdom,LKPDNKdpys8,0.7407407407407407,0.2592592592592592,Average
594,Turbo Kid,AFlZ6pVtnv0,0.7373737373737373,0.2626262626262626,Average
595,Mama,1lNyP7w3CuQ,0.7157894736842105,0.2842105263157894,Average
596,Orphan,_uX6of3vBu0,0.6907216494845361,0.3092783505154639,Average
597,To Rome with Love,ft__aQSrHqE,0.5151515151515151,0.4848484848484848,Average
598,Inside Man,FSH-dbbiroI,0.6530612244897959,0.3469387755102041,Good
599,127 Hours,OlhLOWTnVoQ,0.53,0.47,Good
600,Annabelle,paFgQNPGlsg,0.6262626262626263,0.3737373737373737,Average
601,The Imaginarium of Doctor Parnassus,Iqe85ffv9-w,0.55,0.45,Average
602,Christine,ieBmy6qjiCI,0.5789473684210527,0.4210526315789473,Average
603,Disaster Movie,tihG_2BSUqg,0.4747474747474747,0.5252525252525253,Bad
604,Rocky Balboa,8tab8fK2_3w,0.7319587628865979,0.268041237113402,Good
605,Jane Eyre,8IFsdfk3mlk,0.64,0.36,Good
606,Fool's Gold,EElmapouc0c,0.5087719298245614,0.4912280701754385,Average
607,The Dictator,cYplvwBvGA4,0.6632653061224489,0.336734693877551,Average
608,The Loft,1bJZYqGfYGE,0.5656565656565656,0.4343434343434343,Average
609,You Don't Mess with the Zohan,ucmnTmYpGhI,0.6875,0.3125,Average
610,Horrible Bosses 2,utriEZFno0E,0.53,0.47,Average
611,A Bigger Splash,eBpvKfMWB-o,0.7391304347826086,0.2608695652173913,Average
612,Melancholia,JCUdy1nUqrg,0.7692307692307693,0.2307692307692307,Good
613,Unstoppable,fyuoIqeL-bc,0.6666666666666666,0.3333333333333333,Average
614,Flight,WmjawuFvDu4,0.59,0.41,Good
615,La migliore offerta,zJGleGyahC8,0.69,0.31,Good
616,42,I9RHqdZDCF0,0.62,0.38,Good
617,21,oqkdB7It5Go,0.8,0.2,Average
618,Begin Again,uTRCxOE7Xzc,0.5204081632653061,0.4795918367346938,Good
619,Out of the Furnace,Gw0qH34cbRE,0.6701030927835051,0.3298969072164948,Average
620,Vicky Cristina Barcelona,B-RdUcXAKiw,0.53,0.47,Good
621,Barbershop: The Next Cut,l2vPDGStL4k,0.5454545454545454,0.4545454545454545,Average
622,Terminator Salvation,-Czz-TcWCkA,0.67,0.33,Average
623,Freedom Writers,miz1V13QWsU,0.7938144329896907,0.2061855670103092,Good
624,The Hills Have Eyes,CUQd9OB75dw,0.6326530612244898,0.3673469387755102,Average
625,Changeling,IF5hwg4FNEU,0.8,0.2,Good
626,Remember Me,iFFas72-dTY,0.67,0.33,Good
627,"Alexander and the Terrible, Horrible, No Good, Very Bad Day",jF5JFoGIE5U,0.5151515151515151,0.4848484848484848,Average
628,Locke,TsBDYAYnQb0,0.5357142857142857,0.4642857142857143,Good
629,Horns,B8s_1UcdoNI,0.4948453608247423,0.5051546391752577,Average
630,Indignation,ELKsrUssyQE,0.7373737373737373,0.2626262626262626,Average
631,The Stanford Prison Experiment,7LviGTHud5w,0.6060606060606061,0.3939393939393939,Average
632,Diary of a Wimpy Kid: Rodrick Rules,16u7oeK0O90,0.6288659793814433,0.3711340206185567,Average
633,En man som heter Ove,dPoaN2XROk8,0.8059701492537313,0.1940298507462686,Good
634,Dragonball Evolution,T4_wHfz2qUA,0.4444444444444444,0.5555555555555556,Bad
635,Red Dawn,HZJMZapC8NQ,0.5882352941176471,0.4117647058823529,Average
636,One Day,zVuuooZqVaU,0.78,0.22,Average
637,Life as We Know It,mqzjDrrZIdE,0.58,0.42,Average
638,28 Weeks Later,ljqY7qrnycw,0.5476190476190477,0.4523809523809524,Average
639,Warm Bodies,_TDYhTNpUzo,0.7380952380952381,0.2619047619047619,Average
640,Blue Jasmine,KK7_xLxf4o0,0.7647058823529411,0.2352941176470588,Good
641,Shin Gojira,3qX1ZU3jcfU,0.6,0.4,Average
